,fecha,dia,mes,a√±o,dia_semana,metro,EMT,conc_carretera,cercanias
0,2023-01-01,1,1,2023,7,685684,319488,155714,174991
1,2023-01-02,2,1,2023,1,1581661,1024836,588003,446467
2,2023-01-03,3,1,2023,2,1781186,1151845,662751,510268
3,2023-01-04,4,1,2023,3,1846531,1160892,681347,517539
4,2023-01-05,5,1,2023,4,1842966,1087828,615698,487856
5,2023-01-06,6,1,2023,5,894382,459749,236253,229730
6,2023-01-07,7,1,2023,6,1257660,714550,377933,309329
7,2023-01-08,8,1,2023,7,977910,491083,254102,235473
8,2023-01-09,9,1,2023,1,1941128,1468624,856672,561589
9,2023-01-10,10,1,2023,2,2018250,1531306,884948,583787
10,2023-01-11,11,1,2023,3,2062881,1422008,880756,591617
11,2023-01-12,12,1,2023,4,2080654,1435879,890470,592716
12,2023-01-13,13,1,2023,5,2162687,1439282,912863,600287
13,2023-01-14,14,1,2023,6,1428270,802425,433733,358164
14,2023-01-15,15,1,2023,7,1021255,539787,274959,267823
15,2023-01-16,16,1,2023,1,1992037,1357710,856534,569861
16,2023-01-17,17,1,2023,2,2064856,1391475,865470,573776
17,2023-01-18,18,1,2023,3,2120175,1399464,873932,587887
18,2023-01-19,19,1,2023,4,2155218,1407320,880344,585239
19,2023-01-20,20,1,2023,5,2226792,1433422,910895,607817
20,2023-01-21,21,1,2023,6,1616122,810600,448679,392648
21,2023-01-22,22,1,2023,7,1115808,548425,293035,280916
22,2023-01-23,23,1,2023,1,2042669,1389039,879160,579187
23,2023-01-24,24,1,2023,2,2123716,1407708,889417,594909
24,2023-01-25,25,1,2023,3,2152328,1443805,908456,607345
25,2023-01-26,26,1,2023,4,2214718,1444279,916545,607123
26,2023-01-27,27,1,2023,5,2180472,1388149,895680,585591
27,2023-01-28,28,1,2023,6,1477965,774980,437205,362441
28,2023-01-29,29,1,2023,7,1124644,546525,290671,283495
29,2023-01-30,30,1,2023,1,2069172,1399150,899509,602912
30,2023-01-31,31,1,2023,2,2154530,1453028,928286,623562
31,2023-02-01,1,2,2023,3,2227992,1486916,946360,644511
32,2023-02-02,2,2,2023,4,2252162,1496917,950210,641053
33,2023-02-03,3,2,2023,5,2288146,1476746,960282,632294
34,2023-02-04,4,2,2023,6,1542933,828362,466098,375013
35,2023-02-05,5,2,2023,7,1143835,583510,316581,292951
36,2023-02-06,6,2,2023,1,2124266,1446101,928649,603724
37,2023-02-07,7,2,2023,2,2210349,1475971,949333,615081
38,2023-02-08,8,2,2023,3,2241168,1494264,957604,614916
39,2023-02-09,9,2,2023,4,2247684,1512276,967393,613711
40,2023-02-10,10,2,2023,5,2319375,1495020,979269,612034
41,2023-02-11,11,2,2023,6,1534496,815486,463042,363772
42,2023-02-12,12,2,2023,7,1239238,585819,321243,328059
43,2023-02-13,13,2,2023,1,2124337,1478410,942825,587955
44,2023-02-14,14,2,2023,2,2285902,1541137,982939,624399
45,2023-02-15,15,2,2023,3,2263581,1514991,972423,619543
46,2023-02-16,16,2,2023,4,2270821,1537326,979906,602630
47,2023-02-17,17,2,2023,5,2298769,1501130,979083,605514
48,2023-02-18,18,2,2023,6,1523780,819998,461614,354104
49,2023-02-19,19,2,2023,7,1178459,592385,311423,283058
50,2023-02-20,20,2,2023,1,2127223,1470566,943312,593514
51,2023-02-21,21,2,2023,2,2213414,1524691,967630,614056
52,2023-02-22,22,2,2023,3,2252200,1544641,976410,620475
53,2023-02-23,23,2,2023,4,2300710,1527186,990503,617190
54,2023-02-24,24,2,2023,5,2177381,1318765,840039,572867
55,2023-02-25,25,2,2023,6,1545510,793536,444154,359163
56,2023-02-26,26,2,2023,7,1190953,603112,332625,293785
57,2023-02-27,27,2,2023,1,1978790,1249990,785171,551122
58,2023-02-28,28,2,2023,2,2226948,1502203,956431,610048
59,2023-03-01,1,3,2023,3,2262138,1516801,965548,617181
60,2023-03-02,2,3,2023,4,2297067,1521912,974659,616529
61,2023-03-03,3,3,2023,5,2322129,1535039,990556,611551
62,2023-03-04,4,3,2023,6,1586337,853383,477406,373393
63,2023-03-05,5,3,2023,7,1098456,554196,295376,269099
64,2023-03-06,6,3,2023,1,2125026,1484569,946866,593966
65,2023-03-07,7,3,2023,2,2224215,1551815,973611,616885
66,2023-03-08,8,3,2023,3,2293231,1507144,958205,635664
67,2023-03-09,9,3,2023,4,2239495,1525939,965439,607351
68,2023-03-10,10,3,2023,5,2322986,1557024,998808,621968
69,2023-03-11,11,3,2023,6,1581988,877891,486407,383417
70,2023-03-12,12,3,2023,7,1190784,641897,333062,304106
71,2023-03-13,13,3,2023,1,2134969,1509524,953715,601295
72,2023-03-14,14,3,2023,2,2238356,1568533,985643,614236
73,2023-03-15,15,3,2023,3,2311812,1577224,994950,630922
74,2023-03-16,16,3,2023,4,2263120,1567203,991121,621693
75,2023-03-17,17,3,2023,5,2277620,1520453,987580,615016
76,2023-03-18,18,3,2023,6,1501921,832858,469408,366828
77,2023-03-19,19,3,2023,7,1143689,635029,339005,296000
78,2023-03-20,20,3,2023,1,1056847,631057,347980,287063
79,2023-03-21,21,3,2023,2,2192589,1551433,981022,616554
80,2023-03-22,22,3,2023,3,2268540,1586354,996280,632531
81,2023-03-23,23,3,2023,4,2290906,1578367,995484,628769
82,2023-03-24,24,3,2023,5,2367644,1562904,1002566,624661
83,2023-03-25,25,3,2023,6,1594228,878986,485669,385578
84,2023-03-26,26,3,2023,7,1199293,617097,323935,301740
85,2023-03-27,27,3,2023,1,2144077,1527878,962274,608667
86,2023-03-28,28,3,2023,2,2259452,1582556,993094,616622
87,2023-03-29,29,3,2023,3,2283366,1595018,999674,635325
88,2023-03-30,30,3,2023,4,2320926,1592132,1023754,633555
89,2023-03-31,31,3,2023,5,2095266,1325839,848081,574542
90,2023-04-01,1,4,2023,6,1406590,807016,453186,351870
91,2023-04-02,2,4,2023,7,1195604,620960,338229,295524
92,2023-04-03,3,4,2023,1,1702170,1137159,709431,480533
93,2023-04-04,4,4,2023,2,1714146,1138197,709374,482882
94,2023-04-05,5,4,2023,3,1649991,1080964,670875,468672
95,2023-04-06,6,4,2023,4,1099316,595906,333654,293538
96,2023-04-07,7,4,2023,5,1089598,568289,317061,285364
97,2023-04-08,8,4,2023,6,1170396,656891,370031,298812
98,2023-04-09,9,4,2023,7,1022443,557607,304627,262227
99,2023-04-10,10,4,2023,1,1754625,1188868,715643,490351
100,2023-04-11,11,4,2023,2,2179178,1615097,978893,620917
101,2023-04-12,12,4,2023,3,2308419,1652254,997017,633748
102,2023-04-13,13,4,2023,4,2305672,1585872,1004523,632236
103,2023-04-14,14,4,2023,5,2370108,1567788,1016596,627655
104,2023-04-15,15,4,2023,6,1591272,879657,493322,384161
105,2023-04-16,16,4,2023,7,1201331,655624,336932,301339
106,2023-04-17,17,4,2023,1,2165635,1551010,978480,609902
107,2023-04-18,18,4,2023,2,2265823,1598771,1006797,635554
108,2023-04-19,19,4,2023,3,2307259,1614615,1015948,642093
109,2023-04-20,20,4,2023,4,2317922,1614698,1018374,627897
110,2023-04-21,21,4,2023,5,2354803,1576928,1013959,620633
111,2023-04-22,22,4,2023,6,1584022,866717,486688,374450
112,2023-04-23,23,4,2023,7,1334590,580749,344355,319780
113,2023-04-24,24,4,2023,1,2171294,1519377,983948,609036
114,2023-04-25,25,4,2023,2,2272945,1613298,1016134,635524
115,2023-04-26,26,4,2023,3,2347068,1620991,1020244,643128
116,2023-04-27,27,4,2023,4,2307431,1599791,1020241,635967
117,2023-04-28,28,4,2023,5,2252878,1516885,996051,621349
118,2023-04-29,29,4,2023,6,1431071,811442,466785,357865
119,2023-04-30,30,4,2023,7,1222359,653694,371516,315519
120,2023-05-01,1,5,2023,1,1095920,594750,350155,280484
121,2023-05-02,2,5,2023,2,1075225,647904,356221,284087
122,2023-05-03,3,5,2023,3,2231346,1580089,997015,604006
123,2023-05-04,4,5,2023,4,2266876,1625148,1012208,618660
124,2023-05-05,5,5,2023,5,2333841,1592664,1031549,617743
125,2023-05-06,6,5,2023,6,1524095,894021,497344,362932
126,2023-05-07,7,5,2023,7,1179225,660942,338699,295284
127,2023-05-08,8,5,2023,1,2137725,1532561,964344,604158
128,2023-05-09,9,5,2023,2,2278102,1620877,1007028,633126
129,2023-05-10,10,5,2023,3,2289611,1621075,1011419,628373
130,2023-05-11,11,5,2023,4,2283880,1614140,1007352,626424
131,2023-05-12,12,5,2023,5,2305597,1560597,999833,614366
132,2023-05-13,13,5,2023,6,1535103,886650,486411,367874
133,2023-05-14,14,5,2023,7,1261751,684999,348313,299583
134,2023-05-15,15,5,2023,1,1270727,719062,574523,345554
135,2023-05-16,16,5,2023,2,2151442,1563331,970401,593069
136,2023-05-17,17,5,2023,3,2242036,1590292,987336,617440
137,2023-05-18,18,5,2023,4,2226216,1584737,969671,611135
138,2023-05-19,19,5,2023,5,2274101,1549129,997681,612547
139,2023-05-20,20,5,2023,6,1485359,858474,477722,363291
140,2023-05-21,21,5,2023,7,1122868,589675,318363,277095
141,2023-05-22,22,5,2023,1,2076995,1492608,943636,588169
142,2023-05-23,23,5,2023,2,2162488,1519096,949848,595907
143,2023-05-24,24,5,2023,3,2231310,1564933,968612,611387
144,2023-05-25,25,5,2023,4,2220387,1546411,970759,607315
145,2023-05-26,26,5,2023,5,2226409,1481470,945579,594014
146,2023-05-27,27,5,2023,6,1485007,872866,464070,361388
147,2023-05-28,28,5,2023,7,1114827,622198,308740,263092
148,2023-05-29,29,5,2023,1,2030198,1456058,892062,577148
149,2023-05-30,30,5,2023,2,2143713,1528803,932157,595439
150,2023-05-31,31,5,2023,3,2224335,1581465,969186,625457
151,2023-06-01,1,6,2023,4,2184890,1486742,939456,605954
152,2023-06-02,2,6,2023,5,2236991,1529491,968822,612214
153,2023-06-03,3,6,2023,6,1566936,931683,497548,402772
154,2023-06-04,4,6,2023,7,1228403,674468,345923,305073
155,2023-06-05,5,6,2023,1,2060111,1485808,918774,594230
156,2023-06-06,6,6,2023,2,2166539,1567532,955254,636276
157,2023-06-07,7,6,2023,3,2202309,1485966,924439,613390
158,2023-06-08,8,6,2023,4,2221302,1524557,939942,614532
159,2023-06-09,9,6,2023,5,2283832,1536119,971229,599601
160,2023-06-10,10,6,2023,6,1519958,907603,497957,443339
161,2023-06-11,11,6,2023,7,1196402,681479,355907,318682
162,2023-06-12,12,6,2023,1,2029220,1499710,912833,580133
163,2023-06-13,13,6,2023,2,2119024,1535757,928939,602236
164,2023-06-14,14,6,2023,3,2168022,1556761,956399,609667
165,2023-06-15,15,6,2023,4,2175841,1575064,950431,609768
166,2023-06-16,16,6,2023,5,2154495,1535196,940947,598678
167,2023-06-17,17,6,2023,6,1449952,888342,491516,392097
168,2023-06-18,18,6,2023,7,1097563,644058,350123,292171
169,2023-06-19,19,6,2023,1,1995085,1471013,887680,562766
170,2023-06-20,20,6,2023,2,2099487,1535473,924168,600346
171,2023-06-21,21,6,2023,3,2132956,1529261,927557,601085
172,2023-06-22,22,6,2023,4,2160838,1563040,959798,590440
173,2023-06-23,23,6,2023,5,2085420,1414268,873730,562827
174,2023-06-24,24,6,2023,6,1350071,976015,471065,365621
175,2023-06-25,25,6,2023,7,1057962,731278,352378,296011
176,2023-06-26,26,6,2023,1,1930376,1546683,862565,575473
177,2023-06-27,27,6,2023,2,1988658,1573227,875623,425492
178,2023-06-28,28,6,2023,3,2059652,1586363,878624,594842
179,2023-06-29,29,6,2023,4,2064761,1574993,880832,591593
180,2023-06-30,30,6,2023,5,2080434,1530492,859141,597097
181,2023-07-01,1,7,2023,6,1492621,923760,471714,425798
182,2023-07-02,2,7,2023,7,1098411,716941,355830,302783
183,2023-07-03,3,7,2023,1,1850898,1455768,816129,542514
184,2023-07-04,4,7,2023,2,1907155,1493199,832576,560540
185,2023-07-05,5,7,2023,3,1937223,1481387,834907,566484
186,2023-07-06,6,7,2023,4,1943537,1473156,824270,566976
187,2023-07-07,7,7,2023,5,1878842,1419689,797336,542132
188,2023-07-08,8,7,2023,6,1268356,900409,443751,342650
189,2023-07-09,9,7,2023,7,984277,694506,339484,279302
190,2023-07-10,10,7,2023,1,1762535,1352594,779437,517525
191,2023-07-11,11,7,2023,2,1818676,1388228,788583,529871
192,2023-07-12,12,7,2023,3,1843183,1407453,803987,540256
193,2023-07-13,13,7,2023,4,1838211,1396974,798492,535216
194,2023-07-14,14,7,2023,5,1804427,1349742,772367,528877
195,2023-07-15,15,7,2023,6,1243241,850130,435707,346693
196,2023-07-16,16,7,2023,7,960502,666103,327019,274302
197,2023-07-17,17,7,2023,1,1669025,1274877,736376,501059
198,2023-07-18,18,7,2023,2,1754997,1300294,744962,507886
199,2023-07-19,19,7,2023,3,1745018,1312646,746703,511651
200,2023-07-20,20,7,2023,4,1739075,1316219,753087,512957
201,2023-07-21,21,7,2023,5,1686320,1285314,734014,501450
202,2023-07-22,22,7,2023,6,1152236,831925,417218,325858
203,2023-07-23,23,7,2023,7,935984,695163,333463,267421
204,2023-07-24,24,7,2023,1,1595899,1248407,716603,490890
205,2023-07-25,25,7,2023,2,1651766,1281402,727848,507021
206,2023-07-26,26,7,2023,3,1677090,1276895,738174,508790
207,2023-07-27,27,7,2023,4,1640880,1247592,721269,497248
208,2023-07-28,28,7,2023,5,1583712,1213542,694446,483885
209,2023-07-29,29,7,2023,6,1087656,779856,393066,309380
210,2023-07-30,30,7,2023,7,867870,617633,303355,253715
211,2023-07-31,31,7,2023,1,1436687,1132891,646071,451434
212,2023-08-01,1,8,2023,2,1417900,1094611,627376,444338
213,2023-08-02,2,8,2023,3,1412359,1080369,626494,440551
214,2023-08-03,3,8,2023,4,1402627,1071987,626333,425233
215,2023-08-04,4,8,2023,5,1381633,1045503,608695,430374
216,2023-08-05,5,8,2023,6,977617,721369,368069,292508
217,2023-08-06,6,8,2023,7,793101,575547,285285,241328
218,2023-08-07,7,8,2023,1,1265729,1002288,557989,403456
219,2023-08-08,8,8,2023,2,1291204,1013214,570957,407120
220,2023-08-09,9,8,2023,3,1271405,979668,558846,398766
221,2023-08-10,10,8,2023,4,1267427,991371,561521,402318
222,2023-08-11,11,8,2023,5,1247796,974273,555803,397135
223,2023-08-12,12,8,2023,6,889524,662782,344239,264911
224,2023-08-13,13,8,2023,7,754380,540674,276052,226115
225,2023-08-14,14,8,2023,1,1137717,909671,494399,339227
226,2023-08-15,15,8,2023,2,810744,582713,302492,244900
227,2023-08-16,16,8,2023,3,1219177,967520,551213,392626
228,2023-08-17,17,8,2023,4,1213174,962059,546440,388658
229,2023-08-18,18,8,2023,5,1210669,956390,544046,389282
230,2023-08-19,19,8,2023,6,878778,658936,344723,266027
231,2023-08-20,20,8,2023,7,739665,526815,270249,228064
232,2023-08-21,21,8,2023,1,1221361,949072,550738,391724
233,2023-08-22,22,8,2023,2,1244390,974934,561822,393827
234,2023-08-23,23,8,2023,3,1268467,985665,570266,400808
235,2023-08-24,24,8,2023,4,1265916,985269,574008,397791
236,2023-08-25,25,8,2023,5,1271755,997288,578304,402835
237,2023-08-26,26,8,2023,6,935883,692167,370027,283521
238,2023-08-27,27,8,2023,7,821735,572047,303970,252729
239,2023-08-28,28,8,2023,1,1368053,1064952,618363,436590
240,2023-08-29,29,8,2023,2,1450578,1113598,648745,454442
241,2023-08-30,30,8,2023,3,1508673,1155362,668606,480207
242,2023-08-31,31,8,2023,4,1548201,1167362,683556,476967
243,2023-09-01,1,9,2023,5,1647442,1236201,729217,487630
244,2023-09-02,2,9,2023,6,1161415,797401,411497,308325
245,2023-09-03,3,9,2023,7,730164,491658,227237,204441
246,2023-09-04,4,9,2023,1,1644465,1378214,732711,488556
247,2023-09-05,5,9,2023,2,1879932,1549716,844468,554469
248,2023-09-06,6,9,2023,3,1938001,1645692,873799,564179
249,2023-09-07,7,9,2023,4,1966682,1665721,920793,577941
250,2023-09-08,8,9,2023,5,1990211,1671550,911417,572224
251,2023-09-09,9,9,2023,6,1309922,914889,490602,358471
252,2023-09-10,10,9,2023,7,1071563,720927,366848,301424
253,2023-09-11,11,9,2023,1,2019452,1618943,971494,611873
254,2023-09-12,12,9,2023,2,2082566,1693732,993069,630741
255,2023-09-13,13,9,2023,3,2152856,1718311,1031058,649689
256,2023-09-14,14,9,2023,4,2131675,1702466,1007797,633814
257,2023-09-15,15,9,2023,5,2131463,1660749,1003369,613164
258,2023-09-16,16,9,2023,6,1376331,961048,492838,366866
259,2023-09-17,17,9,2023,7,1090924,614110,321544,298489
260,2023-09-18,18,9,2023,1,2082271,1695821,1022771,666170
261,2023-09-19,19,9,2023,2,2180588,1760457,1057685,665566
262,2023-09-20,20,9,2023,3,2254678,1774567,1068145,674901
263,2023-09-21,21,9,2023,4,2217978,1730270,1041134,743435
264,2023-09-22,22,9,2023,5,2290592,1766000,1083207,718284
265,2023-09-23,23,9,2023,6,1496399,1034909,528240,448307
266,2023-09-24,24,9,2023,7,1256982,790708,377714,346612
267,2023-09-25,25,9,2023,1,2107942,1734334,1045294,648127
268,2023-09-26,26,9,2023,2,2197540,1785838,1072159,666538
269,2023-09-27,27,9,2023,3,2289592,1765647,1077244,676616
270,2023-09-28,28,9,2023,4,2259514,1769889,1077429,660660
271,2023-09-29,29,9,2023,5,2325264,1774715,1094887,663894
272,2023-09-30,30,9,2023,6,1537369,1039915,541855,440940
273,2023-10-01,1,10,2023,7,1193009,770722,376053,318341
274,2023-10-02,2,10,2023,1,2175962,1801203,1069789,651361
275,2023-10-03,3,10,2023,2,2307348,1804378,1104627,675223
276,2023-10-04,4,10,2023,3,2400828,1816806,1112252,689321
277,2023-10-05,5,10,2023,4,2373242,1828462,1114288,679954
278,2023-10-06,6,10,2023,5,2409040,1796710,1124291,669857
279,2023-10-07,7,10,2023,6,1673218,1035268,553101,438083
280,2023-10-08,8,10,2023,7,1255611,754771,376655,330386
281,2023-10-09,9,10,2023,1,2218285,1743584,1046371,646850
282,2023-10-10,10,10,2023,2,2322792,1800687,1113222,693726
283,2023-10-11,11,10,2023,3,2448921,1834307,1135460,708504
284,2023-10-12,12,10,2023,4,1536615,813426,443275,446203
285,2023-10-13,13,10,2023,5,1954570,1371132,803371,517104
286,2023-10-14,14,10,2023,6,1471207,883296,489648,394701
287,2023-10-15,15,10,2023,7,1100573,656461,346485,306768
288,2023-10-16,16,10,2023,1,2156159,1641980,1059667,636768
289,2023-10-17,17,10,2023,2,2262592,1710497,1086524,662118
290,2023-10-18,18,10,2023,3,2307953,1716294,1092472,669021
291,2023-10-19,19,10,2023,4,2210730,1504066,950085,540930
292,2023-10-20,20,10,2023,5,2369929,1681402,1092758,634434
293,2023-10-21,21,10,2023,6,1547281,931949,521151,376178
294,2023-10-22,22,10,2023,7,1164478,650100,339141,288250
295,2023-10-23,23,10,2023,1,2231164,1647154,1049730,629338
296,2023-10-24,24,10,2023,2,2320055,1716847,1094860,657273
297,2023-10-25,25,10,2023,3,2347255,1737058,1099312,662740
298,2023-10-26,26,10,2023,4,2320317,1648484,1040044,639999
299,2023-10-27,27,10,2023,5,2462469,1716875,1113995,646819
300,2023-10-28,28,10,2023,6,1660335,968422,526892,386998
301,2023-10-29,29,10,2023,7,1220955,663694,346186,295616
302,2023-10-30,30,10,2023,1,2246220,1674984,1064458,642785
303,2023-10-31,31,10,2023,2,2560399,1791531,1174028,684778
304,2023-11-01,1,11,2023,3,1170046,684786,376830,300364
305,2023-11-02,2,11,2023,4,2254306,1579482,1003025,616576
306,2023-11-03,3,11,2023,5,2373137,1668742,1065717,636709
307,2023-11-04,4,11,2023,6,1508999,863746,472872,343173
308,2023-11-05,5,11,2023,7,1217034,694110,354622,302432
309,2023-11-06,6,11,2023,1,2272864,1689538,1066032,646685
310,2023-11-07,7,11,2023,2,2414631,1720663,1090297,668165
311,2023-11-08,8,11,2023,3,2493936,1764415,1102087,676395
312,2023-11-09,9,11,2023,4,1391673,778199,749805,411829
313,2023-11-10,10,11,2023,5,2236372,1584990,1039290,603839
314,2023-11-11,11,11,2023,6,1560859,924384,515505,389489
315,2023-11-12,12,11,2023,7,1298006,684075,368528,330565
316,2023-11-13,13,11,2023,1,2221324,1663243,1056405,644794
317,2023-11-14,14,11,2023,2,2323616,1720101,1092043,655562
318,2023-11-15,15,11,2023,3,2365950,1697726,1145566,661354
319,2023-11-16,16,11,2023,4,2371757,1686137,1065763,655422
320,2023-11-17,17,11,2023,5,2455244,1709497,1108509,668832
321,2023-11-18,18,11,2023,6,1739314,955367,546125,433290
322,2023-11-19,19,11,2023,7,1225676,688026,364711,323964
323,2023-11-20,20,11,2023,1,2241001,1675880,1069858,650993
324,2023-11-21,21,11,2023,2,2355780,1715423,1091857,669871
325,2023-11-22,22,11,2023,3,2397443,1715352,1088914,676302
326,2023-11-23,23,11,2023,4,2479058,1727815,1095001,681199
327,2023-11-24,24,11,2023,5,2534026,1795558,1118698,621325
328,2023-11-25,25,11,2023,6,1836108,1043545,554229,425172
329,2023-11-26,26,11,2023,7,1278494,764396,379882,321747
330,2023-11-27,27,11,2023,1,2320842,1695347,1079651,602481
331,2023-11-28,28,11,2023,2,2387645,1730110,1096819,623325
332,2023-11-29,29,11,2023,3,2439909,1716246,1094526,649691
333,2023-11-30,30,11,2023,4,2405327,1644888,1052113,620402
334,2023-12-01,1,12,2023,5,2562692,1724485,1109067,653493
335,2023-12-02,2,12,2023,6,1887287,994011,558676,434915
336,2023-12-03,3,12,2023,7,1310762,684427,368248,318078
337,2023-12-04,4,12,2023,1,2267161,1649581,1043200,624991
338,2023-12-05,5,12,2023,2,2447870,1714046,1101787,631244
339,2023-12-06,6,12,2023,3,1503212,760709,450052,370379
340,2023-12-07,7,12,2023,4,1857965,1156757,691383,435117
341,2023-12-08,8,12,2023,5,1617686,793944,452950,368832
342,2023-12-09,9,12,2023,6,1588364,887838,483325,353672
343,2023-12-10,10,12,2023,7,1145499,616552,332361,281822
344,2023-12-11,11,12,2023,1,2242209,1725446,1056458,612500
345,2023-12-12,12,12,2023,2,2370074,1700660,1080499,644627
346,2023-12-13,13,12,2023,3,2479214,1720763,1087338,661718
347,2023-12-14,14,12,2023,4,2468457,1726685,1093311,656305
348,2023-12-15,15,12,2023,5,2587679,1727555,1119305,646033
349,2023-12-16,16,12,2023,6,1866313,1015716,569026,421844
350,2023-12-17,17,12,2023,7,1388460,733260,387195,333598
351,2023-12-18,18,12,2023,1,2325777,1669925,1048836,644524
352,2023-12-19,19,12,2023,2,2424413,1701269,1067478,644862
353,2023-12-20,20,12,2023,3,2437391,1670642,1054315,643214
354,2023-12-21,21,12,2023,4,2432377,1683197,1061301,636823
355,2023-12-22,22,12,2023,5,2272102,1564686,994810,591207
356,2023-12-23,23,12,2023,6,1506599,942950,513173,368698
357,2023-12-24,24,12,2023,7,845662,507347,280444,221378
358,2023-12-25,25,12,2023,1,669494,360807,186479,188747
359,2023-12-26,26,12,2023,2,1782567,1181091,717275,494248
360,2023-12-27,27,12,2023,3,1900989,1240866,749823,523457
361,2023-12-28,28,12,2023,4,1906391,1229269,743479,510250
362,2023-12-29,29,12,2023,5,1867870,1224719,726375,490035
363,2023-12-30,30,12,2023,6,1437815,888385,474054,353430
364,2023-12-31,31,12,2023,7,1024351,496781,267602,231766
365,2024-01-01,1,1,2024,1,724179,352350,178407,184742
366,2024-01-02,2,1,2024,2,1723388,1143988,694965,461205
367,2024-01-03,3,1,2024,3,1862751,1222397,728298,483965
368,2024-01-04,4,1,2024,4,1865744,1218430,743028,482422
369,2024-01-05,5,1,2024,5,1940825,1196201,690988,486210
370,2024-01-06,6,1,2024,6,984441,539007,284178,246778
371,2024-01-07,7,1,2024,7,1093946,645814,349936,285276
372,2024-01-08,8,1,2024,1,2041458,1586179,967198,567528
373,2024-01-09,9,1,2024,2,2124018,1644267,993601,583788
374,2024-01-10,10,1,2024,3,2171720,1570406,987115,590292
375,2024-01-11,11,1,2024,4,2198526,1587568,997683,590521
376,2024-01-12,12,1,2024,5,2275519,1592422,1029070,599287
377,2024-01-13,13,1,2024,6,1518823,893819,505804,358173
378,2024-01-14,14,1,2024,7,1057265,597096,320301,260114
379,2024-01-15,15,1,2024,1,2101543,1545203,973715,580456
380,2024-01-16,16,1,2024,2,2187259,1610256,1012195,602735
381,2024-01-17,17,1,2024,3,2224445,1603140,997934,599234
382,2024-01-18,18,1,2024,4,2289609,1629429,1020808,626258
383,2024-01-19,19,1,2024,5,2271856,1485971,971945,582485
384,2024-01-20,20,1,2024,6,1614987,937610,524884,401210
385,2024-01-21,21,1,2024,7,1207860,669194,357239,308614
386,2024-01-22,22,1,2024,1,2172729,1604781,1020001,609565
387,2024-01-23,23,1,2024,2,2269893,1660983,1049416,628952
388,2024-01-24,24,1,2024,3,2330282,1681945,1053036,634763
389,2024-01-25,25,1,2024,4,2397125,1680897,1061467,635604
390,2024-01-26,26,1,2024,5,2362298,1647459,1059116,627879
391,2024-01-27,27,1,2024,6,1673097,952681,541778,411846
392,2024-01-28,28,1,2024,7,1303618,697646,375381,329984
393,2024-01-29,29,1,2024,1,2174623,1630276,1025598,599846
394,2024-01-30,30,1,2024,2,2326674,1701430,1077437,654309
395,2024-01-31,31,1,2024,3,2386285,1709633,1084423,658591
396,2024-02-01,1,2,2024,4,2373673,1725229,1093245,631506
397,2024-02-02,2,2,2024,5,2435442,1709744,1103141,656405
398,2024-02-03,3,2,2024,6,1660742,969893,551822,408057
399,2024-02-04,4,2,2024,7,1300212,711032,378592,327972
400,2024-02-05,5,2,2024,1,2257736,1668919,1073031,639478
401,2024-02-06,6,2,2024,2,2355884,1728623,1096956,670140
402,2024-02-07,7,2,2024,3,2433945,1711031,1096443,675134
403,2024-02-08,8,2,2024,4,2382098,1691100,1071093,654142
404,2024-02-09,9,2,2024,5,2401728,1601080,1059727,537163
405,2024-02-10,10,2,2024,6,1714898,928839,517195,394349
406,2024-02-11,11,2,2024,7,1227914,624212,336844,293253
407,2024-02-12,12,2,2024,1,2284405,1660136,1066982,638722
408,2024-02-13,13,2,2024,2,2365280,1713982,1099252,607005
409,2024-02-14,14,2,2024,3,2478822,1761345,1125530,670576
410,2024-02-15,15,2,2024,4,2367001,1665498,1068388,646450
411,2024-02-16,16,2,2024,5,2454254,1696667,1111176,646032
412,2024-02-17,17,2,2024,6,1718986,966268,549189,304250
413,2024-02-18,18,2,2024,7,1251239,689863,368603,327327
414,2024-02-19,19,2,2024,1,2259006,1671773,1076548,641821
415,2024-02-20,20,2,2024,2,2362038,1725149,1108242,668333
416,2024-02-21,21,2,2024,3,2516156,1627333,1122411,703712
417,2024-02-22,22,2,2024,4,2274780,1502114,962591,627152
418,2024-02-23,23,2,2024,5,2239583,1424602,915738,591679
419,2024-02-24,24,2,2024,6,1598474,889461,508551,363580
420,2024-02-25,25,2,2024,7,1215188,624872,330918,295155
421,2024-02-26,26,2,2024,1,2301552,1606472,1054780,558632
422,2024-02-27,27,2,2024,2,2379233,1716368,1088079,660095
423,2024-02-28,28,2,2024,3,2413834,1731251,1097630,653198
424,2024-02-29,29,2,2024,4,2443681,1730897,1105455,652785
425,2024-03-01,1,3,2024,5,2499376,1713859,1121946,658324
426,2024-03-02,2,3,2024,6,1529535,807556,462144,345090
427,2024-03-03,3,3,2024,7,1268313,651217,360561,308688
428,2024-03-04,4,3,2024,1,2267824,1656955,1069200,633091
429,2024-03-05,5,3,2024,2,2385148,1737726,1114211,665838
430,2024-03-06,6,3,2024,3,2474988,1739542,1119643,677471
431,2024-03-07,7,3,2024,4,2416643,1677958,1070731,648038
432,2024-03-08,8,3,2024,5,2503358,1626391,1072448,620353
433,2024-03-09,9,3,2024,6,1642451,895802,496019,372682
434,2024-03-10,10,3,2024,7,1245914,657583,346682,301931
435,2024-03-11,11,3,2024,1,2254217,1675415,1061903,636125
436,2024-03-12,12,3,2024,2,2364834,1737581,1099889,661926
437,2024-03-13,13,3,2024,3,2435751,1746532,1108188,668374
438,2024-03-14,14,3,2024,4,2405087,1725959,1100357,658423
439,2024-03-15,15,3,2024,5,2454398,1709213,1114604,656729
440,2024-03-16,16,3,2024,6,1695296,966161,555201,416219
441,2024-03-17,17,3,2024,7,1290522,699965,379530,326478
442,2024-03-18,18,3,2024,1,2251418,1666060,1073048,579751
443,2024-03-19,19,3,2024,2,2333536,1714474,1093929,658851
444,2024-03-20,20,3,2024,3,2377010,1710940,1105500,673660
445,2024-03-21,21,3,2024,4,2421492,1722041,1127475,664377
446,2024-03-22,22,3,2024,5,2192418,1444418,941122,609736
447,2024-03-23,23,3,2024,6,1544673,891269,517421,403433
448,2024-03-24,24,3,2024,7,1218172,671490,383982,312477
449,2024-03-25,25,3,2024,1,1723618,1179785,757622,486428
450,2024-03-26,26,3,2024,2,1837898,1201121,758976,493119
451,2024-03-27,27,3,2024,3,1681470,1117381,707890,461433
452,2024-03-28,28,3,2024,4,1112560,612835,358249,281708
453,2024-03-29,29,3,2024,5,1067683,546516,307640,244714
454,2024-03-30,30,3,2024,6,1187986,666596,386758,288205
455,2024-03-31,31,3,2024,7,1043883,498544,303619,248152
456,2024-04-01,1,4,2024,1,1825845,1266292,770011,494233
457,2024-04-02,2,4,2024,2,2275089,1710780,1072521,643061
458,2024-04-03,3,4,2024,3,2375060,1783852,1106577,652014
459,2024-04-04,4,4,2024,4,2405788,1731757,1110467,658628
460,2024-04-05,5,4,2024,5,2472944,1722563,1131512,656639
461,2024-04-06,6,4,2024,6,1703938,951443,565913,419985
462,2024-04-07,7,4,2024,7,1267324,687377,379994,323682
463,2024-04-08,8,4,2024,1,2290661,1681826,1088130,638902
464,2024-04-09,9,4,2024,2,2448572,1746423,1123139,669141
465,2024-04-10,10,4,2024,3,2470927,1749892,1119158,676334
466,2024-04-11,11,4,2024,4,2431426,1745603,1124668,674140
467,2024-04-12,12,4,2024,5,2492814,1732362,1143381,672325
468,2024-04-13,13,4,2024,6,1716564,998108,580201,429831
469,2024-04-14,14,4,2024,7,1280869,721951,397598,339992
470,2024-04-15,15,4,2024,1,2264789,1691615,1092400,644055
471,2024-04-16,16,4,2024,2,2367763,1751858,1122233,668483
472,2024-04-17,17,4,2024,3,2418483,1746075,1130640,671634
473,2024-04-18,18,4,2024,4,2420557,1747568,1127099,669088
474,2024-04-19,19,4,2024,5,2463068,1727976,1136365,664479
475,2024-04-20,20,4,2024,6,1672098,981802,568836,416956
476,2024-04-21,21,4,2024,7,1339580,712460,389825,340401
477,2024-04-22,22,4,2024,1,2311291,1691268,1062253,649533
478,2024-04-23,23,4,2024,2,2419797,1748883,1089737,675737
479,2024-04-24,24,4,2024,3,2428779,1755067,1095261,680251
480,2024-04-25,25,4,2024,4,2449118,1746116,1095914,623710
481,2024-04-26,26,4,2024,5,2489371,1715650,1100747,655525
482,2024-04-27,27,4,2024,6,1664249,906325,494796,378870
483,2024-04-28,28,4,2024,7,1422535,626405,359817,331603
484,2024-04-29,29,4,2024,1,2271572,1675592,1046570,517877
485,2024-04-30,30,4,2024,2,2401874,1750232,1094354,653717
486,2024-05-01,1,5,2024,3,1240630,680006,383987,207741
487,2024-05-02,2,5,2024,4,1305004,774684,437688,284498
488,2024-05-03,3,5,2024,5,1797737,1269253,754757,410190
489,2024-05-04,4,5,2024,6,1481907,896795,498254,326722
490,2024-05-05,5,5,2024,7,1155582,654402,342046,255733
491,2024-05-06,6,5,2024,1,2249970,1679376,1030430,594327
492,2024-05-07,7,5,2024,2,2370281,1757708,1087873,633524
493,2024-05-08,8,5,2024,3,2507173,1749103,1077561,647416
494,2024-05-09,9,5,2024,4,2412405,1740546,1066001,637016
495,2024-05-10,10,5,2024,5,2497047,1751708,1100633,646871
496,2024-05-11,11,5,2024,6,1711469,1002310,546534,400247
497,2024-05-12,12,5,2024,7,1377848,714306,378951,336276
498,2024-05-13,13,5,2024,1,2239453,1686064,1035739,611127
499,2024-05-14,14,5,2024,2,2509185,1804271,1078269,646850
500,2024-05-15,15,5,2024,3,1541687,837600,684548,402295
501,2024-05-16,16,5,2024,4,2335849,1688687,1047848,625520
502,2024-05-17,17,5,2024,5,2378977,1654224,1060451,627186
503,2024-05-18,18,5,2024,6,1633398,955789,523376,391014
504,2024-05-19,19,5,2024,7,1257048,680675,352521,317912
505,2024-05-20,20,5,2024,1,2204795,1650874,1006456,612974
506,2024-05-21,21,5,2024,2,2310070,1657307,1019150,633596
507,2024-05-22,22,5,2024,3,2342460,1698454,1049922,650819
508,2024-05-23,23,5,2024,4,2343460,1702577,1044973,640414
509,2024-05-24,24,5,2024,5,2412371,1699173,1076538,646454
510,2024-05-25,25,5,2024,6,1650355,956786,526548,397512
511,2024-05-26,26,5,2024,7,1255965,676741,362977,314377
512,2024-05-27,27,5,2024,1,2207912,1625844,1016078,616895
513,2024-05-28,28,5,2024,2,2309454,1689321,1039783,635724
514,2024-05-29,29,5,2024,3,2415770,1703491,1047636,647507
515,2024-05-30,30,5,2024,4,2437302,1710719,1031146,638014
516,2024-05-31,31,5,2024,5,2438101,1706938,1055812,633081
517,2024-06-01,1,6,2024,6,1761673,988871,528879,403179
518,2024-06-02,2,6,2024,7,1384050,698378,379781,345142
519,2024-06-03,3,6,2024,1,2182582,1642125,997603,611251
520,2024-06-04,4,6,2024,2,2292745,1704261,1029751,630764
521,2024-06-05,5,6,2024,3,2329228,1711186,1032878,640965
522,2024-06-06,6,6,2024,4,2351028,1703852,1044076,626922
523,2024-06-07,7,6,2024,5,2327222,1665857,1051002,618050
524,2024-06-08,8,6,2024,6,1558565,898808,503485,366541
525,2024-06-09,9,6,2024,7,1229869,724371,388219,317494
526,2024-06-10,10,6,2024,1,2113050,1547249,948522,568147
527,2024-06-11,11,6,2024,2,2275110,1688580,1046630,622238
528,2024-06-12,12,6,2024,3,2317163,1670787,1033685,627585
529,2024-06-13,13,6,2024,4,2317870,1681419,1041646,625815
530,2024-06-14,14,6,2024,5,2342229,1656067,1036151,618176
531,2024-06-15,15,6,2024,6,1567858,958099,541595,400737
532,2024-06-16,16,6,2024,7,1258871,724831,397785,324807
533,2024-06-17,17,6,2024,1,2173786,1592974,998245,595864
534,2024-06-18,18,6,2024,2,2235446,1630904,1016335,610020
535,2024-06-19,19,6,2024,3,2274857,1641082,1036801,628321
536,2024-06-20,20,6,2024,4,2243591,1575272,994951,603525
537,2024-06-21,21,6,2024,5,2267206,1591032,1026909,601614
538,2024-06-22,22,6,2024,6,1502300,900508,528145,386685
539,2024-06-23,23,6,2024,7,1180236,692189,400009,315048
540,2024-06-24,24,6,2024,1,2050048,1477511,931324,579294
541,2024-06-25,25,6,2024,2,2141018,1521234,960413,600232
542,2024-06-26,26,6,2024,3,2148922,1499253,959115,600820
543,2024-06-27,27,6,2024,4,2179975,1509173,965772,595316
544,2024-06-28,28,6,2024,5,2142570,1440163,922308,576058
545,2024-06-29,29,6,2024,6,1486358,894834,512569,373317
546,2024-06-30,30,6,2024,7,1159308,684526,394113,309648
547,2024-07-01,1,7,2024,1,1986631,1400214,901309,563907
548,2024-07-02,2,7,2024,2,2059374,1449867,923255,583222
549,2024-07-03,3,7,2024,3,2127213,1459073,933291,580864
550,2024-07-04,4,7,2024,4,2111185,1412606,916223,568633
551,2024-07-05,5,7,2024,5,2026540,1321815,864089,531919
552,2024-07-06,6,7,2024,6,1514394,808946,502299,366196
553,2024-07-07,7,7,2024,7,1146703,653485,383002,292611
554,2024-07-08,8,7,2024,1,1902097,1315756,866333,539157
555,2024-07-09,9,7,2024,2,1987153,1345585,879059,553216
556,2024-07-10,10,7,2024,3,2012635,1350268,889547,561714
557,2024-07-11,11,7,2024,4,1993749,1339573,873753,557391
558,2024-07-12,12,7,2024,5,2005031,1286630,856077,540171
559,2024-07-13,13,7,2024,6,1394735,793733,489640,345446
560,2024-07-14,14,7,2024,7,1227264,623431,370979,278178
561,2024-07-15,15,7,2024,1,1915321,1217316,827517,536973
562,2024-07-16,16,7,2024,2,1950631,1290398,852095,544377
563,2024-07-17,17,7,2024,3,1912679,1277907,841615,520467
564,2024-07-18,18,7,2024,4,1848667,1235349,816626,510755
565,2024-07-19,19,7,2024,5,1804462,1181072,794926,492374
566,2024-07-20,20,7,2024,6,1277337,746478,455251,323090
567,2024-07-21,21,7,2024,7,1085511,592395,358281,272982
568,2024-07-22,22,7,2024,1,1812121,1200582,801015,500155
569,2024-07-23,23,7,2024,2,1853498,1216007,807732,498793
570,2024-07-24,24,7,2024,3,1785405,1196836,795687,489928
571,2024-07-25,25,7,2024,4,1074398,633235,418802,286484
572,2024-07-26,26,7,2024,5,1534700,1056155,697224,418549
573,2024-07-27,27,7,2024,6,1153982,695722,436334,299984
574,2024-07-28,28,7,2024,7,944877,555242,336637,254524
575,2024-07-29,29,7,2024,1,1616150,1111674,753996,460980
576,2024-07-30,30,7,2024,2,1689064,1156107,770249,470552
577,2024-07-31,31,7,2024,3,1690655,1155319,768835,470194
578,2024-08-01,1,8,2024,4,1574533,1047948,712445,448143
579,2024-08-02,2,8,2024,5,1519857,1020797,693401,436454
580,2024-08-03,3,8,2024,6,1086868,656754,428775,296625
581,2024-08-04,4,8,2024,7,884830,519491,328215,245062
582,2024-08-05,5,8,2024,1,1412041,973321,651041,398622
583,2024-08-06,6,8,2024,2,1437138,976122,649998,414446
584,2024-08-07,7,8,2024,3,1440562,970454,655240,420991
585,2024-08-08,8,8,2024,4,1401361,945987,635643,409549
586,2024-08-09,9,8,2024,5,1382418,925605,627217,401718
587,2024-08-10,10,8,2024,6,1017887,631604,392741,276461
588,2024-08-11,11,8,2024,7,847628,498159,312601,233535
589,2024-08-12,12,8,2024,1,1314123,915501,611642,393844
590,2024-08-13,13,8,2024,2,1338635,936447,623386,401977
591,2024-08-14,14,8,2024,3,1374332,944661,628331,396681
592,2024-08-15,15,8,2024,4,963481,560389,355616,265442
593,2024-08-16,16,8,2024,5,1227609,850324,558945,341212
594,2024-08-17,17,8,2024,6,1021556,611953,392161,274391
595,2024-08-18,18,8,2024,7,836523,490487,312440,232568
596,2024-08-19,19,8,2024,1,1301768,883774,618675,383776
597,2024-08-20,20,8,2024,2,1352807,910715,628196,399504
598,2024-08-21,21,8,2024,3,1387009,914998,637703,407518
599,2024-08-22,22,8,2024,4,1354436,905734,631456,397486
600,2024-08-23,23,8,2024,5,1359875,900564,631917,399255
601,2024-08-24,24,8,2024,6,1024412,609630,412840,283133
602,2024-08-25,25,8,2024,7,945092,503562,330927,252064
603,2024-08-26,26,8,2024,1,1417128,954127,668602,418872
604,2024-08-27,27,8,2024,2,1489023,1000458,693465,433612
605,2024-08-28,28,8,2024,3,1557350,1022357,704829,443706
606,2024-08-29,29,8,2024,4,1507911,991297,687434,433228
607,2024-08-30,30,8,2024,5,1595123,1037268,719657,455862
608,2024-08-31,31,8,2024,6,1199671,694836,461280,330055
609,2024-09-01,1,9,2024,7,1087664,585485,385247,279763
610,2024-09-02,2,9,2024,1,1808145,1300995,845316,502288
611,2024-09-03,3,9,2024,2,1933075,1328734,890822,535344
612,2024-09-04,4,9,2024,3,2026049,1354512,910218,537714
613,2024-09-05,5,9,2024,4,2037047,1354244,918311,545835
614,2024-09-06,6,9,2024,5,2047048,1349209,923961,549108
615,2024-09-07,7,9,2024,6,1470915,854740,543482,370951
616,2024-09-08,8,9,2024,7,1303973,593838,419036,319660
617,2024-09-09,9,9,2024,1,2123953,1543694,988372,586937
618,2024-09-10,10,9,2024,2,2265168,1652653,1093069,624721
619,2024-09-11,11,9,2024,3,2307650,1601675,1112060,640098
620,2024-09-12,12,9,2024,4,2308062,1625208,1091304,633746
621,2024-09-13,13,9,2024,5,2340223,1590084,1101856,622688
622,2024-09-14,14,9,2024,6,1514224,902208,559519,388599
623,2024-09-15,15,9,2024,7,1247839,686838,401577,312622
624,2024-09-16,16,9,2024,1,2253535,1625397,1104859,631872
625,2024-09-17,17,9,2024,2,2399362,1680523,1142492,657194
626,2024-09-18,18,9,2024,3,2388287,1697595,1154810,659128
627,2024-09-19,19,9,2024,4,2396401,1635098,1115171,639777
628,2024-09-20,20,9,2024,5,2420793,1664150,1151118,632676
629,2024-09-21,21,9,2024,6,1600301,940675,557802,390671
630,2024-09-22,22,9,2024,7,1230468,693901,394989,317737
631,2024-09-23,23,9,2024,1,2289921,1669436,1135593,643073
632,2024-09-24,24,9,2024,2,2413210,1716445,1163806,667078
633,2024-09-25,25,9,2024,3,2411830,1704515,1162515,668648
634,2024-09-26,26,9,2024,4,2437031,1690211,1161197,665552
635,2024-09-27,27,9,2024,5,2485476,1687133,1156063,663339
636,2024-09-28,28,9,2024,6,1675614,983178,584054,412981
637,2024-09-29,29,9,2024,7,1292523,717636,403312,322693
638,2024-09-30,30,9,2024,1,2307713,1700170,1138444,651538
639,2024-10-01,1,10,2024,2,2428829,1760255,1184637,677986
640,2024-10-02,2,10,2024,3,2455128,1756133,1176610,682386
641,2024-10-03,3,10,2024,4,2497658,1773306,1192149,684014
642,2024-10-04,4,10,2024,5,2535551,1762400,1207740,680690
643,2024-10-05,5,10,2024,6,1785599,985045,605112,442849
644,2024-10-06,6,10,2024,7,1323705,671683,403602,338082
645,2024-10-07,7,10,2024,1,2342871,1669430,1111279,648411
646,2024-10-08,8,10,2024,2,2457555,1758621,1171267,675736
647,2024-10-09,9,10,2024,3,2470400,1703281,1107163,660720
648,2024-10-10,10,10,2024,4,2567621,1779682,1203910,664863
649,2024-10-11,11,10,2024,5,2522637,1730082,1150133,631158
650,2024-10-12,12,10,2024,6,1549086,726955,450800,343437
651,2024-10-13,13,10,2024,7,1310908,717408,407143,332212
652,2024-10-14,14,10,2024,1,2338500,1716165,1149875,660648
653,2024-10-15,15,10,2024,2,2431619,1740290,1161565,675960
654,2024-10-16,16,10,2024,3,2470511,1722274,1147958,679455
655,2024-10-17,17,10,2024,4,2513021,1729435,1153021,675118
656,2024-10-18,18,10,2024,5,2562176,1753145,1194960,675449
657,2024-10-19,19,10,2024,6,1760823,986877,595960,400551
658,2024-10-20,20,10,2024,7,1319589,720740,400489,319273
659,2024-10-21,21,10,2024,1,2362891,1727284,1157701,650987
660,2024-10-22,22,10,2024,2,2514082,1770552,1185342,686614
661,2024-10-23,23,10,2024,3,2544807,1762092,1180346,688658
662,2024-10-24,24,10,2024,4,2517564,1768935,1182768,684527
663,2024-10-25,25,10,2024,5,2581212,1729336,1185604,673577
664,2024-10-26,26,10,2024,6,1820992,958262,568677,317112
665,2024-10-27,27,10,2024,7,1307687,686702,384978,314684
666,2024-10-28,28,10,2024,1,2477733,1178247,786395,703411
667,2024-10-29,29,10,2024,2,2480424,1594843,1062766,669011
668,2024-10-30,30,10,2024,3,2532298,1729208,1145717,684630
669,2024-10-31,31,10,2024,4,2689458,1790857,1221809,696931
670,2024-11-01,1,11,2024,5,1474201,784348,474753,332562
671,2024-11-02,2,11,2024,6,1577024,913399,536932,345129
672,2024-11-03,3,11,2024,7,1248664,671495,386020,285147
673,2024-11-04,4,11,2024,1,2347356,1683686,1120089,651535
674,2024-11-05,5,11,2024,2,2506175,1755362,1166943,686172
675,2024-11-06,6,11,2024,3,2535716,1763678,1176209,694492
676,2024-11-07,7,11,2024,4,2527541,1763605,1174300,689489
677,2024-11-08,8,11,2024,5,2568631,1733806,1177003,677762
678,2024-11-09,9,11,2024,6,1727221,891851,569128,415077
679,2024-11-10,10,11,2024,7,1293345,699472,394964,323319
680,2024-11-11,11,11,2024,1,2393150,1687001,1110350,662823
681,2024-11-12,12,11,2024,2,2484037,1745523,1143782,678622
682,2024-11-13,13,11,2024,3,2478468,1670620,1116142,664533
683,2024-11-14,14,11,2024,4,2498651,1731373,1149208,677107
684,2024-11-15,15,11,2024,5,2566905,1716985,1163878,674418
685,2024-11-16,16,11,2024,6,1756434,987861,574106,424738
686,2024-11-17,17,11,2024,7,1317871,719103,398238,337893
687,2024-11-18,18,11,2024,1,2381845,1709104,1134275,660828
688,2024-11-19,19,11,2024,2,2493263,1745488,1167608,685046
689,2024-11-20,20,11,2024,3,2537142,1769312,1164434,695628
690,2024-11-21,21,11,2024,4,2544040,1727732,1152610,681776
691,2024-11-22,22,11,2024,5,2621743,1737128,1178823,684181
692,2024-11-23,23,11,2024,6,1803141,975436,571371,432376
693,2024-11-24,24,11,2024,7,1337813,703604,398651,335599
694,2024-11-25,25,11,2024,1,2379559,1655045,1104515,650147
695,2024-11-26,26,11,2024,2,2486822,1756784,1166003,685388
696,2024-11-27,27,11,2024,3,2541525,1767299,1172433,699613
697,2024-11-28,28,11,2024,4,2724600,1473820,932444,740188
698,2024-11-29,29,11,2024,5,2783341,1516741,966439,728017
699,2024-11-30,30,11,2024,6,2021444,1070816,601815,484224
700,2024-12-01,1,12,2024,7,1471492,796282,409805,366813
701,2024-12-02,2,12,2024,1,2424877,1725463,1112090,667642
702,2024-12-03,3,12,2024,2,2524591,1781744,1146394,689888
703,2024-12-04,4,12,2024,3,2555014,1770613,1145430,698498
704,2024-12-05,5,12,2024,4,2573286,1730277,1113376,689938
705,2024-12-06,6,12,2024,5,1721489,857224,506472,429431
706,2024-12-07,7,12,2024,6,1796041,947708,537458,429679
707,2024-12-08,8,12,2024,7,1382449,690480,368389,335080
708,2024-12-09,9,12,2024,1,2373180,1637779,1051256,648870
709,2024-12-10,10,12,2024,2,2506002,1738823,1124077,682727
710,2024-12-11,11,12,2024,3,2589519,1736242,1127977,688086
711,2024-12-12,12,12,2024,4,2584060,1747974,1130089,689970
712,2024-12-13,13,12,2024,5,2700045,1745357,1141967,681892
713,2024-12-14,14,12,2024,6,2023685,1040887,588518,463214
714,2024-12-15,15,12,2024,7,1488607,749322,405069,354415
715,2024-12-16,16,12,2024,1,2432984,1704059,1090952,656516
716,2024-12-17,17,12,2024,2,2536026,1750039,1117939,678908
717,2024-12-18,18,12,2024,3,2575136,1747642,1115288,698062
718,2024-12-19,19,12,2024,4,2597292,1731398,1110593,684582
719,2024-12-20,20,12,2024,5,2609520,1716393,1094965,668542
720,2024-12-21,21,12,2024,6,1848274,1021502,586122,457318
721,2024-12-22,22,12,2024,7,1481194,764626,439096,381314
722,2024-12-23,23,12,2024,1,2043613,1363812,819379,552528
723,2024-12-24,24,12,2024,2,1192842,788166,482573,321993
724,2024-12-25,25,12,2024,3,737030,385907,200445,204511
725,2024-12-26,26,12,2024,4,1951754,1254546,768149,540221
726,2024-12-27,27,12,2024,5,2013880,1286719,783655,534964
727,2024-12-28,28,12,2024,6,1643158,930486,523048,414793
728,2024-12-29,29,12,2024,7,1363712,728759,402071,356975
729,2024-12-30,30,12,2024,1,1926975,1275042,766063,506187
730,2024-12-31,31,12,2024,2,1386731,775211,466105,325219
731,2025-01-01,1,1,2025,3,779566,361692,187661,187476
732,2025-01-02,2,1,2025,4,1884163,1228208,738927,493076
733,2025-01-03,3,1,2025,5,1967171,1273047,769731,503946
734,2025-01-04,4,1,2025,6,1554554,887162,501145,369702
735,2025-01-05,5,1,2025,7,1310346,642595,340736,301094
736,2025-01-06,6,1,2025,1,883436,491655,268595,226623
737,2025-01-07,7,1,2025,2,1922846,1316596,800390,510780
738,2025-01-08,8,1,2025,3,2241215,1640779,1016013,605914
739,2025-01-09,9,1,2025,4,2279314,1684931,1033289,613647
740,2025-01-10,10,1,2025,5,2373526,1653115,1066204,624561
741,2025-01-11,11,1,2025,6,1625601,968185,533409,394227
742,2025-01-12,12,1,2025,7,1247428,682481,364414,302917
743,2025-01-13,13,1,2025,1,2245673,1625330,1042354,612116
744,2025-01-14,14,1,2025,2,2335102,1662515,1054434,624426
745,2025-01-15,15,1,2025,3,2382711,1657880,1036738,652284
746,2025-01-16,16,1,2025,4,2417461,1648757,1034482,648674
747,2025-01-17,17,1,2025,5,2470126,1655121,1063404,655724
748,2025-01-18,18,1,2025,6,1711512,941097,519818,410626
749,2025-01-19,19,1,2025,7,1289700,682772,346140,319663
750,2025-01-20,20,1,2025,1,2269724,1554709,987101,615606
751,2025-01-21,21,1,2025,2,2403374,1598993,1000255,630582
752,2025-01-22,22,1,2025,3,2499004,1656246,1025747,535249
753,2025-01-23,23,1,2025,4,2485391,1677882,1049845,628857
754,2025-01-24,24,1,2025,5,2495007,1673825,1058406,660765
755,2025-01-25,25,1,2025,6,1752950,934296,511584,406679
756,2025-01-26,26,1,2025,7,1258843,662766,343420,313176
757,2025-01-27,27,1,2025,1,2290906,1614697,1001793,619902
758,2025-01-28,28,1,2025,2,2388789,1697370,1058768,668011
759,2025-01-29,29,1,2025,3,2416000,1642238,1044974,667315
760,2025-01-30,30,1,2025,4,2453526,1716460,1066628,682614
761,2025-01-31,31,1,2025,5,2490237,1689526,1093580,679503
762,2025-02-01,1,2,2025,6,1777499,1002609,546774,448207
763,2025-02-02,2,2,2025,7,1341826,696601,372739,349809
764,2025-02-03,3,2,2025,1,2368206,1700406,1080096,676886
765,2025-02-04,4,2,2025,2,2501905,1775848,1113396,723673
766,2025-02-05,5,2,2025,3,2515343,1760816,1119145,728279
767,2025-02-06,6,2,2025,4,2504956,1760653,1097230,713603
768,2025-02-07,7,2,2025,5,2524409,1670931,1056442,678327
769,2025-02-08,8,2,2025,6,1814764,999526,542506,452600
770,2025-02-09,9,2,2025,7,1354368,722442,374697,360803
771,2025-02-10,10,2,2025,1,2369823,1698232,1085032,692818
772,2025-02-11,11,2,2025,2,2486534,1750986,1118104,724517
773,2025-02-12,12,2,2025,3,2520137,1751388,1116346,731882
774,2025-02-13,13,2,2025,4,2542232,1769963,1128938,730913
775,2025-02-14,14,2,2025,5,2665495,1777194,1151744,735660
776,2025-02-15,15,2,2025,6,1789483,992528,543496,454663
777,2025-02-16,16,2,2025,7,1311854,726493,378997,359800
778,2025-02-17,17,2,2025,1,2385588,1694759,1082769,701439
779,2025-02-18,18,2,2025,2,2489173,1756811,1114816,730355
780,2025-02-19,19,2,2025,3,2565802,1756016,1101987,738681
781,2025-02-20,20,2,2025,4,2512651,1752077,1114588,725034
782,2025-02-21,21,2,2025,5,2561750,1739830,1121880,714378
783,2025-02-22,22,2,2025,6,1752996,981858,539788,450779
784,2025-02-23,23,2,2025,7,1376352,732600,374662,375604
785,2025-02-24,24,2,2025,1,2375503,1702193,1088834,699280
786,2025-02-25,25,2,2025,2,2478005,1753679,1116073,722886
787,2025-02-26,26,2,2025,3,2519938,1764948,1125351,727857
788,2025-02-27,27,2,2025,4,2560004,1753584,1143848,719927
789,2025-02-28,28,2,2025,5,2420195,1541562,975425,644826
790,2025-03-01,1,3,2025,6,1726380,896386,497403,379923
791,2025-03-02,2,3,2025,7,1211462,589460,324851,279107
792,2025-03-03,3,3,2025,1,2168686,1410288,869891,586911
793,2025-03-04,4,3,2025,2,2521330,1714190,1083931,705462
794,2025-03-05,5,3,2025,3,2497331,1732869,1092102,707832
795,2025-03-06,6,3,2025,4,2519188,1702024,1076057,698679
796,2025-03-07,7,3,2025,5,2528792,1650593,1062469,677845
797,2025-03-08,8,3,2025,6,1630859,835487,454066,378495
798,2025-03-09,9,3,2025,7,1266220,665668,340171,313362
799,2025-03-10,10,3,2025,1,2378873,1700290,1061625,676964
800,2025-03-11,11,3,2025,2,2453830,1704126,1059416,689967
801,2025-03-12,12,3,2025,3,2579714,1781102,1107859,718520
802,2025-03-13,13,3,2025,4,2512139,1732138,1086853,698072
803,2025-03-14,14,3,2025,5,2550569,1717277,1104484,700466
804,2025-03-15,15,3,2025,6,1736626,963675,539088,441908
805,2025-03-16,16,3,2025,7,1284534,658903,344014,319177
806,2025-03-17,17,3,2025,1,2345651,1656620,1049270,639587
807,2025-03-18,18,3,2025,2,2443828,1668461,1046548,682508
808,2025-03-19,19,3,2025,3,2491746,1778686,1092644,713230
809,2025-03-20,20,3,2025,4,2475683,1706078,1071934,699780
810,2025-03-21,21,3,2025,5,2316454,1582574,977094,626190
811,2025-03-22,22,3,2025,6,1616121,904144,484890,387566
812,2025-03-23,23,3,2025,7,1289791,712578,364029,340682
813,2025-03-24,24,3,2025,1,2368077,1702933,1076238,689471
814,2025-03-25,25,3,2025,2,2490710,1786041,1118409,726146
815,2025-03-26,26,3,2025,3,2530348,1782753,1120036,728109
816,2025-03-27,27,3,2025,4,2553947,1776339,1124645,730477
817,2025-03-28,28,3,2025,5,2603040,1757464,1129778,725615
818,2025-03-29,29,3,2025,6,1846075,1017115,572839,476311
819,2025-03-30,30,3,2025,7,1375377,727172,392432,376837
820,2025-03-31,31,3,2025,1,2393200,1725541,1084258,671220
821,2025-04-01,1,4,2025,2,2549037,1772422,1123914,723145
822,2025-04-02,2,4,2025,3,2555974,1767996,1117600,725496
823,2025-04-03,3,4,2025,4,2511893,1668358,1050866,688373
824,2025-04-04,4,4,2025,5,2586125,1707453,1094736,702017
825,2025-04-05,5,4,2025,6,1859045,1000804,560715,468057
826,2025-04-06,6,4,2025,7,1434927,735170,394400,379184
827,2025-04-07,7,4,2025,1,2447734,1761712,1103664,712217
828,2025-04-08,8,4,2025,2,2561604,1812912,1137677,746854
829,2025-04-09,9,4,2025,3,2573606,1801933,1134175,750102
830,2025-04-10,10,4,2025,4,2598628,1805969,1166020,748401
831,2025-04-11,11,4,2025,5,2256697,1438564,917615,645732
832,2025-04-12,12,4,2025,6,1539924,893103,490722,410664
833,2025-04-13,13,4,2025,7,1285849,679210,375429,341378
834,2025-04-14,14,4,2025,1,1926478,1278819,805108,561875
835,2025-04-15,15,4,2025,2,1874195,1233086,769765,543778
836,2025-04-16,16,4,2025,3,1898085,1209319,747656,538380
837,2025-04-17,17,4,2025,4,1304956,715441,394754,369414
838,2025-04-18,18,4,2025,5,1142837,612111,332134,303490
839,2025-04-19,19,4,2025,6,1293510,727549,399096,327737
840,2025-04-20,20,4,2025,7,1174471,624807,341678,318303
841,2025-04-21,21,4,2025,1,1958886,1342985,791960,561669
842,2025-04-22,22,4,2025,2,2437769,1741429,1088928,715200
843,2025-04-23,23,4,2025,3,2535393,1813740,1115545,739136
844,2025-04-24,24,4,2025,4,2599289,1794812,1131776,732909
845,2025-04-25,25,4,2025,5,2617213,1773188,1139190,719583
846,2025-04-26,26,4,2025,6,1825078,993695,552951,458627
847,2025-04-27,27,4,2025,7,1532423,665966,383544,380399
848,2025-04-28,28,4,2025,1,936489,1872537,954367,288287
849,2025-04-29,29,4,2025,2,1560733,1467848,823015,214839
850,2025-04-30,30,4,2025,3,2433393,1742364,1104009,565583
851,2025-05-01,1,5,2025,4,1287422,751708,405121,303289
852,2025-05-02,2,5,2025,5,1262384,719849,404061,293013
853,2025-05-03,3,5,2025,6,1496020,973070,510973,367110
854,2025-05-04,4,5,2025,7,1180783,692762,342438,290696
855,2025-05-05,5,5,2025,1,2297919,1686056,1039819,641628
856,2025-05-06,6,5,2025,2,2459765,1799072,1117029,697823
857,2025-05-07,7,5,2025,3,2479451,1789451,1116534,700821
858,2025-05-08,8,5,2025,4,2475159,1747997,1097546,674479
859,2025-05-09,9,5,2025,5,2549969,1781185,1119877,686963
860,2025-05-10,10,5,2025,6,1773210,1019099,534910,423892
861,2025-05-11,11,5,2025,7,1403722,754692,389667,361581
862,2025-05-12,12,5,2025,1,2342225,1733910,1080062,667086
863,2025-05-13,13,5,2025,2,2452880,1797344,1107900,693432
864,2025-05-14,14,5,2025,3,2564004,1813916,1106092,684037
865,2025-05-15,15,5,2025,4,1542083,848456,705165,417470
866,2025-05-16,16,5,2025,5,2242988,1617513,1024677,614225
867,2025-05-17,17,5,2025,6,1563055,982855,536439,413042
868,2025-05-18,18,5,2025,7,1275572,738065,378309,337762
869,2025-05-19,19,5,2025,1,2284590,1699572,1054452,650635
870,2025-05-20,20,5,2025,2,2395962,1759025,1084964,685045
871,2025-05-21,21,5,2025,3,2437764,1771896,1091480,695812
872,2025-05-22,22,5,2025,4,2438503,1752028,1077301,684416
873,2025-05-23,23,5,2025,5,2478781,1732373,1094890,683660
874,2025-05-24,24,5,2025,6,1692263,1011095,543987,435785
875,2025-05-25,25,5,2025,7,1279929,738775,382834,348241
876,2025-05-26,26,5,2025,1,2285225,1712895,1049333,653025
877,2025-05-27,27,5,2025,2,2394949,1763626,1079539,667431
878,2025-05-28,28,5,2025,3,2449784,1771730,1084400,676875
879,2025-05-29,29,5,2025,4,2437345,1772031,1064070,659928
880,2025-05-30,30,5,2025,5,2500323,1770649,1078764,659750
881,2025-05-31,31,5,2025,6,1777303,1198387,548562,429568
882,2025-06-01,1,6,2025,7,1352198,879220,394895,342467
883,2025-06-02,2,6,2025,1,2285864,1920241,1028481,637444
884,2025-06-03,3,6,2025,2,2391873,1946219,1053586,664740
885,2025-06-04,4,6,2025,3,2420497,1951608,1062215,662211
886,2025-06-05,5,6,2025,4,2412598,1944765,1059458,651429
887,2025-06-06,6,6,2025,5,2449448,1944445,1070487,685270
888,2025-06-07,7,6,2025,6,1814569,1217044,565737,479844
889,2025-06-08,8,6,2025,7,1387876,882544,398614,366002
890,2025-06-09,9,6,2025,1,2255864,1888993,998119,667373
891,2025-06-10,10,6,2025,2,2367654,1915914,1048386,694687
892,2025-06-11,11,6,2025,3,2356950,1872158,1019645,693093
893,2025-06-12,12,6,2025,4,2389946,1931772,1052454,695671
894,2025-06-13,13,6,2025,5,2404018,1904123,1032735,683944
895,2025-06-14,14,6,2025,6,1658725,1142914,546474,437406
896,2025-06-15,15,6,2025,7,1265519,851215,393122,346270
897,2025-06-16,16,6,2025,1,2233330,1847222,1010775,663681
898,2025-06-17,17,6,2025,2,2304665,1866606,1022394,679425
899,2025-06-18,18,6,2025,3,2367716,1917636,1035686,690316
900,2025-06-19,19,6,2025,4,2331111,1879093,1017770,677029
901,2025-06-20,20,6,2025,5,2353816,1858048,1025090,662850
902,2025-06-21,21,6,2025,6,1593627,1092550,526763,412118
903,2025-06-22,22,6,2025,7,1228993,821913,392434,332734
904,2025-06-23,23,6,2025,1,2122045,1700539,920648,637559
905,2025-06-24,24,6,2025,2,2173291,1723242,929238,650050
906,2025-06-25,25,6,2025,3,2261723,1778065,969922,673309
907,2025-06-26,26,6,2025,4,2257522,1764937,958835,664072
908,2025-06-27,27,6,2025,5,2191616,1676614,918967,636562
909,2025-06-28,28,6,2025,6,1546777,1052693,508837,394164
910,2025-06-29,29,6,2025,7,1194191,790664,380576,320645
911,2025-06-30,30,6,2025,1,2043903,1596474,879823,618251
912,2025-07-01,1,7,2025,2,2155551,1676129,884633,601271
913,2025-07-02,2,7,2025,3,2216584,1709152,890297,584926
914,2025-07-03,3,7,2025,4,2212068,1678687,882143,568413
915,2025-07-04,4,7,2025,5,2189983,1612134,855952,545621
916,2025-07-05,5,7,2025,6,1614319,990390,493398,351030
917,2025-07-06,6,7,2025,7,1194900,774122,370674,276623
918,2025-07-07,7,7,2025,1,2016453,1572076,859209,537402
919,2025-07-08,8,7,2025,2,2076845,1609801,877222,555697
920,2025-07-09,9,7,2025,3,2072809,1593362,867343,549065
921,2025-07-10,10,7,2025,4,2073136,1583702,863789,545329
922,2025-07-11,11,7,2025,5,2010992,1503373,835883,521317
923,2025-07-12,12,7,2025,6,1436006,952702,476997,338128
924,2025-07-13,13,7,2025,7,1121941,742952,365579,273507
925,2025-07-14,14,7,2025,1,1942999,1496788,833166,512785
926,2025-07-15,15,7,2025,2,2015797,1541896,852114,516405
927,2025-07-16,16,7,2025,3,2043334,1523229,839648,509703
928,2025-07-17,17,7,2025,4,1968835,1478144,823771,489275
929,2025-07-18,18,7,2025,5,1898688,1429289,800344,484448
930,2025-07-19,19,7,2025,6,1338110,917318,454763,297571
931,2025-07-20,20,7,2025,7,1122552,723964,351415,245123
932,2025-07-21,21,7,2025,1,1876632,1412680,793038,454577
933,2025-07-22,22,7,2025,2,1971212,1459017,808294,461520
934,2025-07-23,23,7,2025,3,1922235,1440031,795515,458834
935,2025-07-24,24,7,2025,4,1857427,1399694,778452,450102
936,2025-07-25,25,7,2025,5,1220043,833179,420079,277503
937,2025-07-26,26,7,2025,6,1184080,850327,415465,264892
938,2025-07-27,27,7,2025,7,1014047,676255,325283,224249
939,2025-07-28,28,7,2025,1,1754381,1371484,750284,431159
940,2025-07-29,29,7,2025,2,1831855,1418748,766431,443509
941,2025-07-30,30,7,2025,3,1858978,1382635,769383,440819
942,2025-07-31,31,7,2025,4,1809961,1345193,754169,450131
943,2025-08-01,1,8,2025,5,1659568,1223443,688642,428622
944,2025-08-02,2,8,2025,6,1192890,813960,420449,284385
945,2025-08-03,3,8,2025,7,966445,631284,321386,231376
946,2025-08-04,4,8,2025,1,1487338,1128919,642713,401861
947,2025-08-05,5,8,2025,2,1514444,1134716,643290,406226
948,2025-08-06,6,8,2025,3,1508186,1121027,629042,403988
949,2025-08-07,7,8,2025,4,1488593,1112286,626957,396928
950,2025-08-08,8,8,2025,5,1470143,1094409,618532,396700
951,2025-08-09,9,8,2025,6,1091801,735044,387006,266929
952,2025-08-10,10,8,2025,7,892396,571449,301836,219719
953,2025-08-11,11,8,2025,1,1350380,1025010,589467,375254
954,2025-08-12,12,8,2025,2,1377034,1037505,592793,380704
955,2025-08-13,13,8,2025,3,1401334,1058291,603188,382986
956,2025-08-14,14,8,2025,4,1385570,1045168,587074,378657
957,2025-08-15,15,8,2025,5,1005182,652130,340467,245605
958,2025-08-16,16,8,2025,6,1007793,669214,354773,242144
959,2025-08-17,17,8,2025,7,861456,561307,288476,212297
960,2025-08-18,18,8,2025,1,1327370,1007955,582628,375023
961,2025-08-19,19,8,2025,2,1424840,1052331,601255,390204
962,2025-08-20,20,8,2025,3,1427810,1054561,610356,395503
963,2025-08-21,21,8,2025,4,1433002,1050296,609391,393218
964,2025-08-22,22,8,2025,5,1434708,1052067,606745,387963
965,2025-08-23,23,8,2025,6,1115948,726066,392219,271205
966,2025-08-24,24,8,2025,7,934856,590407,314238,232166
967,2025-08-25,25,8,2025,1,1461881,1092878,644820,405691
968,2025-08-26,26,8,2025,2,1541240,1147093,664032,421635
969,2025-08-27,27,8,2025,3,1573530,1154709,670528,427040
970,2025-08-28,28,8,2025,4,1606705,1173610,682424,443624
971,2025-08-29,29,8,2025,5,1644989,1177596,685761,449668
972,2025-08-30,30,8,2025,6,1313857,826998,445427,327516
973,2025-08-31,31,8,2025,7,1121153,682089,354769,285267
974,2025-09-01,1,9,2025,1,1892207,1387912,791114,532572
975,2025-09-02,2,9,2025,2,1981307,1472005,839780,560921
976,2025-09-03,3,9,2025,3,2059825,1538795,815833,570843
977,2025-09-04,4,9,2025,4,2068143,1542215,859743,572068
978,2025-09-05,5,9,2025,5,2076316,1529625,866449,570774
979,2025-09-06,6,9,2025,6,1481813,962926,466736,376136
980,2025-09-07,7,9,2025,7,1180723,722628,386044,307025
981,2025-09-08,8,9,2025,1,2122730,1700206,920575,617335
982,2025-09-09,9,9,2025,2,2277557,1793971,1024692,657831
983,2025-09-10,10,9,2025,3,2330671,1744972,1038119,674542
984,2025-09-11,11,9,2025,4,2379843,1764518,1054014,675087
985,2025-09-12,12,9,2025,5,2346646,1773281,1046593,661336
986,2025-09-13,13,9,2025,6,1598269,1007060,531882,393579
987,2025-09-14,14,9,2025,7,1285607,720504,386792,326770
988,2025-09-15,15,9,2025,1,2302126,1797118,1020875,665875
989,2025-09-16,16,9,2025,2,2455375,1865471,1089662,709449
990,2025-09-17,17,9,2025,3,2442555,1880621,1094529,708546
991,2025-09-18,18,9,2025,4,2441825,1866250,1107936,709479
992,2025-09-19,19,9,2025,5,2459138,1851209,1111111,695096
993,2025-09-20,20,9,2025,6,1638857,1064371,551639,434981
994,2025-09-21,21,9,2025,7,1282995,766833,389797,342128
995,2025-09-22,22,9,2025,1,2362224,1834704,1031406,700057
996,2025-09-23,23,9,2025,2,2477882,1874806,1096110,730950
997,2025-09-24,24,9,2025,3,2505563,1882291,1101983,730912
998,2025-09-25,25,9,2025,4,2522465,1906384,1114304,732554
999,2025-09-26,26,9,2025,5,2545618,1875874,1116129,729142
1000,2025-09-27,27,9,2025,6,1732181,1059990,541141,428513
1001,2025-09-28,28,9,2025,7,1253402,741751,371439,318552
1002,2025-09-29,29,9,2025,1,2384258,1847147,1120429,705715
1003,2025-09-30,30,9,2025,2,2528049,1904407,1112834,735860
1004,2025-10-01,1,10,2025,3,2590618,1939106,1181623,746843
1005,2025-10-02,2,10,2025,4,2555566,1905115,1134142,733836
1006,2025-10-03,3,10,2025,5,2553115,1908612,1142299,728548
1007,2025-10-04,4,10,2025,6,1840639,1098490,565937,478600
1008,2025-10-05,5,10,2025,7,1416721,779969,386253,359242
1009,2025-10-06,6,10,2025,1,2441919,1893984,1082976,722664
1010,2025-10-07,7,10,2025,2,2547647,1946585,1101019,748969
1011,2025-10-08,8,10,2025,3,2548219,1938969,1127762,750494
1012,2025-10-09,9,10,2025,4,2599555,1947565,1086399,755058
1013,2025-10-10,10,10,2025,5,2636705,1900141,1119921,735331
1014,2025-10-11,11,10,2025,6,1790965,1087458,543533,452339
1015,2025-10-12,12,10,2025,7,1548761,781870,398256,412305
1016,2025-10-13,13,10,2025,1,2208956,1642435,879487,663947
1017,2025-10-14,14,10,2025,2,2537164,1938557,1105200,755825
1018,2025-10-15,15,10,2025,3,2459845,1726894,1030392,699904
1019,2025-10-16,16,10,2025,4,2566340,1918140,1106096,750967
1020,2025-10-17,17,10,2025,5,2610594,1910265,1115636,734586
1021,2025-10-18,18,10,2025,6,1777134,1066274,536459,436115
1022,2025-10-19,19,10,2025,7,1492078,762593,362184,291338
